Competitor,Description
Bubble,"A prominent full-stack no-code app builder, Bubble is supercharged by AI, enabling users to turn ideas into scalable applications rapidly. It supports the creation of marketplaces, community platforms, internal tools, and mission-critical applications. Users can define an application's design, logic, and data model visually, and AI assists in instant app generation and seamless iteration. The platform is praised for its capability to build complex applications quickly, with one user noting they built an AI-led mediation function in eight weeks, a process they expected to take a year."
Webflow,"While primarily a custom website builder, Webflow integrates AI capabilities and allows for connections with AI-powered apps. Its AI Assistant helps maintain design consistency and accelerate content creation by applying existing design systems to new page sections."
Airtable,"This platform combines the simplicity of spreadsheets with the power of databases, making it suitable for managing data-driven applications. Airtable's AI capabilities are designed to embed AI directly into workflows and allow users to build and evolve apps instantly using AI, emphasizing a ""no code needed"" approach."
Replit,"Positioned to make software creation accessible to everyone, Replit leverages powerful AI to write, debug, and optimize code, removing the need for users to wrestle with technical details. It aims to empower the ""next billion software creators""."
Lovable,"A Swedish AI-driven software engineering platform, Lovable enables non-coders to build viable tech businesses using natural language prompts. It has demonstrated significant success, achieving $17 million in annual recurring revenue."
DhiWise,"This platform advertises itself as an ""AI powered Web and Mobile app building platform"" that allows users to ""Build any app with simple prompts- no code required""."
Softr Studio,A no-code platform that enables users to transform data into applications using a drag-and-drop interface with rich integrations.
Mixo,"Offers instant AI-driven websites with subscriber and engagement tools, highlighting its low-code/no-code nature."
Zapier,"A leading automation platform that integrates AI workflows, agents, and chatbots to automate advanced, multi-step processes across thousands of applications. It caters to a wide audience, from Fortune 500 companies to first-time founders, emphasizing its scalability and ease of use."
Make (formerly Integromat),"Offers a visual workflow builder for complex automations, integrating with over 2,000 apps. It is noted for its ability to handle intricate processes and its high ratings for customer support."
n8n,"An open-source automation platform that, while often code-driven, is mentioned in the context of AI agent building and automation."
Trilex AI,"Described as a ""true no-code AI Agent builder"" inspired by LangChain, allowing self-aware agents to work collaboratively and be fully customizable."
Actor (taskactor.com),"A no-code AI agent builder that enables users to create task-doing agents using simple prompts, designed to schedule actions and incorporate ""Computer Use""."
Gumloop,"A no-code AI agent platform for automating workflows in a visual interface, particularly useful for marketing teams, SEO, and web scraping."
Kore.ai,"Offers an open, customizable AI agent platform for enterprises and developers, focusing on multi-agent orchestration, no-code/pro-code tools, and enterprise-ready RAG."
Botpress,"An AI agent platform for building AI agents with a visual workflow design, extensive AI integrations, and multi-channel support, making it ideal for automating customer interactions."
Microsoft Power Automate,Brings AI-powered document processing and workflow automation into the hands of everyday business users with low-code/no-code access and seamless integration across Microsoft 365 and Dynamics.
UiPath,"An RPA tool with drag-and-drop automation and AI capabilities, helping businesses boost efficiency without coding expertise, suitable for small teams."
Automation Anywhere,"Offers a cloud-native platform with AI-powered IQ Bot for document processing and a simple AARI interface for user-friendly task automation, targeting finance, operations, and IT teams."
SS&C Blue Prism,"Provides a comprehensive suite of RPA tools with AI integration, including a UX Builder for low-code/no-code application development, aiming to liberate people from repetitive work."
Kofax RPA (Tungsten RPA),"Offers tools for automating multi-step tasks and connecting workflows across systems without coding, incorporating embedded AI and cognitive capture for intelligent document processing."
Nintex,"Provides AI-powered automation tools designed to handle complex tasks, with a user-friendly platform that can be easily taught to ""Citizen Developers""."
Rocketbot,"An RPA platform that aims to democratize digital transformation by making bot building accessible to ""all people within a company""."
Laiye,"Offers an intelligent automation platform with a focus on AI Agents, aiming to empower every employee with 7x24 AI Agents for efficient work and human-machine collaboration."
WorkFusion,"Provides AI Agents specifically designed to automate financial crime compliance work, aiming to reduce costs and improve operational efficiency."
Boomi,"An enterprise platform for AI-driven automation, offering low-code development, AI agents, and tools for integrating and orchestrating AI."
Appian,"Offers a low-code platform for end-to-end process automation, integrating AI agents, RPA, and Intelligent Document Processing (IDP)."
Pegasystems,"Provides a comprehensive suite of AI and automation capabilities for enterprise AI decisioning and workflow automation, including Generative AI and Predictive AI, with a focus on low-code development."
Fe/male Switch,"Offers an ""AI co-founder"" suite of AI tools designed to assist entrepreneurs, particularly women, with various startup tasks. Its ""STARTUP MUST HAVE tools"" include AI Business Plan, Lean Canvas, Pitch Deck, and Checklist generators, along with marketing strategy tools. The SANDBOX and PlayPal tools use AI to provide a 10-step roadmap, actionable feedback, and a gamified approach to idea validation."
Validator AI,"Provides comprehensive idea validation and market analysis through AI-driven insights into market demand, customer preferences, and competitive analysis. It offers a step-by-step roadmap for validating startup ideas, similar to top accelerator programs."
RebeccAi,"An AI-powered tool for evaluating and validating business ideas, offering accurate evaluations, fast idea refinement, and the ability to create a business plan in seconds. It positions itself as a ""one-person team for your business dream""."
Y Combinator,"While primarily an accelerator, Y Combinator offers a ""Co-Founder Matching"" platform, the world's largest, to help entrepreneurs find technical co-founders. They also provide resources and advice for early-stage startups."
Byldd,"A venture studio that helps non-technical domain expert founders build software companies, leveraging AI-driven tools to go from idea to launched product in less than 45 days."
Nuivio,"An ""Enterprise AI Venture Builder"" that ideates, nurtures, and scales enterprise AI startups, offering entrepreneurial professionals the opportunity to become co-founders without the typical risks of bootstrapping."
NJII Venture Studio,"A venture studio that turns breakthrough ideas into high-potential startups, with a focus on AI/ML, human health, and advanced manufacturing."
ARI Venture Studio,"Focuses exclusively on technology solutions for restaurants, leveraging AI to create the next generation of AI-enabled solutions for the ResTech industry."
Writesonic,"An AI-powered content creation tool for crafting high-quality text for startup pitches, marketing copy, and more, ideal for brainstorming and refining messaging."
Content Codex,Helps tell a brand's story and build content strategies that resonate with audiences.
Jasper AI,"An AI writing assistant that generates marketing assets, including social media posts, sales emails, and blog content. It excels in structured, brand-oriented content creation."
Copy.ai,"A popular platform that generates high-quality blog posts, email sequences, landing page copy, and social captions from prompts."
Grammarly,"An AI-powered writing assistant that improves grammar, spelling, and clarity, automating proofreading and editing."
Midjourney & DALL-E 2,"AI image generation tools that take prototyping and iteration to a new level, allowing designers to visualize and fine-tune ideas from text prompts."
Freepik,"Transforms the creative process by offering free, no-code tools for creating images, voice-overs, and video, streamlining content creation."
Mailchimp,Integrates AI features to optimize email campaigns and improve customer targeting.
TurnCage,Effortlessly creates SEO-optimized websites with AI guidance.
Namelix & Namy.ai,"AI-driven tools for generating memorable, brandable business names efficiently, often with instant availability checks."
Galileo,"An AI-powered UX tool designed to generate UI designs from text descriptions or image inputs, speeding up initial design ideation."
Ui2code,Transforms UI designs into working code.
Canva,"An AI-powered design tool that helps create stunning marketing materials and presentations, even for users without design backgrounds."
Notion AI,"Supercharges the Notion productivity app with AI features for task automation, content creation, and modular databases."
Asana,"A work management platform with an AI assistant that provides proactive task reminders, smart prioritization, and intelligent assignment suggestions."
ClickUp,A project management tool that integrates AI features.
Trello,Known for its visual Kanban boards and AI capabilities for content generation and grammar correction.
GitMind AI,Offers AI-enhanced mind mapping for dynamic collaboration and creativity.
Fireflies,"Provides an AI assistant for meetings that transcribes, summarizes, and extracts action items in real-time."
Clockwise,Optimizes employee calendars to create uninterrupted time for important work.
Shortwave,Uses AI to help employees manage their inboxes and focus on high-priority messages.
Reclaim,Provides an AI assistant that optimizes employee calendars for productivity and well-being.
Intercom,"A full-service AI support platform that blends automation and human help, with a Resolution Bot that uses natural language understanding to resolve common support queries."
Ada,"A no-code AI automation tool for advanced, automated support, supporting over 100 languages and understanding slang and regional nuances."
Twixor,"Offers a no-code conversational AI platform for building chatbots for customer interactions, enabling automated customer service solutions at a fraction of traditional costs."
Lang.ai,"Leverages no-code AI for automating customer support tasks by tagging and categorizing incoming queries, helping businesses analyze customer behavior."
Conversate AI,A marketplace focused on deploying and managing conversational AI agents for businesses to enhance customer engagement.
Freshdesk with Freddy AI,"Reshapes help desk operations with smart, user-friendly automation, offering features like smart ticket management, real-time support, and knowledge base enhancement."
Obviously AI,"Allows businesses to build predictive models from raw data without coding, enabling entrepreneurs to forecast customer churn, optimize marketing, or predict sales patterns."
Akkio,"A no-code predictive AI automation tool for business teams, simplifying predictive analytics to forecast demand or predict churn without requiring data scientists."
Looker,"A business intelligence tool that transforms data into business conversations, allowing teams to explore data, build dashboards, and define metrics."
Tableau,Known for beautiful dashboards and data visualization capabilities.
Microsoft Power BI,"An enterprise-ready business intelligence tool with Microsoft DNA, integrating AI capabilities for insights through visual analytics and natural language processing."
DataRobot,"A no-code AI automation platform that speeds up model development and deployment, widely used for enterprise AI solutions."
H2O.ai Driverless AI,"Provides AutoML-powered, no-code model creation for various business use cases."
Google AutoML,"Part of Google Cloud, it helps build image, text, and tabular models using a no-code interface."
Microsoft Azure AI Studio,Offers a visual interface for building models.
IBM Watson Studio,"Enables collaborative AI development on the IBM Cloud with a no-code interface, ideal for both technical and non-technical business users."
Amazon SageMaker Autopilot,"Builds, trains, and tunes models automatically, offering an efficient no-code machine learning workflow within the AWS ecosystem."
Numerous,"An AI-powered spreadsheet tool for data validation, error detection, and bulk data corrections directly within Google Sheets and Microsoft Excel."
Informatica,A robust enterprise data validation and management platform with AI-driven data governance and quality control for large-scale datasets.
Instant,"A user-friendly tool for Shopify store design, allowing e-commerce teams to create customizable pages without coding, with a drag-and-drop interface."
ViSenze,"An AI tool that helps customers find products easily through visual search and personalized recommendations, integrating with platforms like Shopify and WooCommerce."
Blueshift,"Simplifies customer engagement using AI to automate marketing across multiple channels, gathering and organizing customer data for unified profiles and AI-driven engagement."
Barilliance,"AI software for e-commerce that creates personalized online shopping experiences, predicting customer purchases and sending automated messages for scenarios like abandoned carts."
"Fe/male Switch (Elona, PlayPal)","As mentioned, this platform offers AI tools that ""never argue and never ask for equity,"" providing assistance with business plans, pitch decks, idea validation, and even generating names and logos. Elona acts as a female role model AI expert, while PlayPal serves as a built-in AI co-founder specializing in iterative refinement and validation strategies."
RebeccAi,"Positions itself as a ""one-person team for your business dream,"" offering AI-powered business idea evaluation and validation, and the ability to create a business plan in seconds."
Woz, "Blabla"
Rocketable, "Blabla"